{
    "s": 0.18434,
    "v": 2.3018,
    "a": 0.30992
}