{
  "drive": {

    "p": 6.7534E-08,
    "i": 0,
    "d": 0,
    "f": 0.145,
    "iz": 0
  
  },
  "angle": {
    "p": 0.01592775,
    "i": 0,
    "d": 0.0538445,
    "f": 0,
    "iz": 0
  } 

}