{
  "drive": {
    "p": 6.7534E-08,
    "i": 0,
    "d": 0,
    "f": 0.34697,
    "iz": 0
  },
  "angle": {
    "p": 0.015522,
    "i": 0,
    "d": 0.00035408,
    "f": 0,
    "iz": 0
  }
}