{
  "drive": {

    "p": 4.0932E-09,
    "i": 0,
    "d": 0,
    "f": 0.21449,
    "iz": 0
  
  },
  "angle": {
    "p": 0.01592775,
    "i": 0,
    "d": 0.0538445,
    "f": 0,
    "iz": 0
  } 

}