{
  "drive": {
    "p": 0.1,
    "i": 0,
    "d": 0,
    "f": 0.02,
    "iz": 0
  },
  "angle": {
    "p": 0.01566433333,
    "i": 0,
    "d": 0.05633933333,
    "f": 0,
    "iz": 0
  }
}