{
    "s": 0.19542,
    "v": 2.2924,
    "a": 0.35934
}