{
    "s": 0.18096,
    "v": 2.2915,
    "a": 0.37156
}