{
    "s": 0.21848,
    "v": 2.3118,
    "a": 0.20314
}