{
  "drive": {
    "p": 3.19E-04,
    "i": 0,
    "d": 0,
    "f": 0,
    "iz": 0
  },
  "angle": {
    "p": 0.016067,
    "i": 0,
    "d": 0.052189,
    "f": 0,
    "iz": 0
  }
}