{
  "drive": {
    "p": 4.25E-06,
    "i": 0,
    "d": 0,
    "f": 0,
    "iz": 0
  },
  "angle": {
    "p": 0.015823333,
    "i": 0,
    "d": 0.055998333,
    "f": 0,
    "iz": 0
  }
}